Workbook

Sheet Schema Template
A1: App Object Schema Template
A3: Config Key | B3: Value | C3: Notes
A4: type | B4: app-object | C4: Top-level metadata type
A5: uid | B5: betamax | C5: Stable App Object identifier
A6: name | B6: BETAMAX | C6: Internal object name
A7: appPrefix | B7: Betamax | C7: Appended to the Object name viewable in the UI. For example Betamax Video
A8: singularForm | B8: Video | C8: Singular label in HubSpot
A9: pluralForm | B9: Videos | C9: Plural label in HubSpot
A10: description | B10: A YouTube video drafted in HubSpot and synced with metrics | C10: Human-readable object description
A11: primaryDisplayLabelPropertyName | B11: title | C11: Primary record label
A12: secondaryDisplayLabelPropertyNames | B12: youtube_video_id, status | C12: Secondary labels shown on records
A14: Setting | B14: Value | C14: Notes
A15: hasRecordPage | B15: Yes | C15: Create a record page for this App Object
... A17: hasEngagements | B17: Yes | C17: Allow engagements on records
A19: Property Name | B19: Label | C19: Type | D19: Field Type | E19: Description | F19: Required | G19: Unique | H19: Options | I19: Group
A20: title | B20: Video Title | C20: string | D20: text | E20: The title of the YouTube video | F20: Yes | G20: No | I20: Identity
A21: youtube_video_id | B21: YouTube Video ID | C21: string | D21: text | E21: The unique YouTube video identifier | F21: No | G21: Yes | I21: Identity
A22: status | B22: Publishing Status | C22: enumeration | D22: select | E22: Current state of the video | F22: No | G22: No | H22: draft|uploading|private|unlisted|public|scheduled | I22: Lifecycle
A23: published_at | B23: YouTube Published Date | C23: datetime | D23: date | E23: When this video was first published on YouTube | F23: No | G23: No | I23: Lifecycle
A24: view_count | B24: View Count | C24: number | D24: number | E24: Total number of views synced from YouTube | F24: No | G24: No | I24: Metrics
A25: google_doc_url | B25: Planning Doc URL | C25: string | D25: text | E25: Link to the Google Doc containing planning, script, and direction | F25: No | G25: No | I25: Content Studio

Sheet Validation Lists
A1: Type Options | B1: Field Type Options | C1: Boolean Options
A2: string | B2: booleancheckbox | C2: Yes
A3: number | B3: calculation_equation | C3: No
A4: datetime | B4: checkbox
A5: enumeration | B5: date
A6: bool | B6: file
B7: html
B8: number
B9: phonenumber
B10: radio
B11: select
B12: text
B13: textarea

Sheet Schema Export
A1: section | B1: key | C1: value | D1: propertyName | E1: label | F1: type | G1: fieldType | H1: description | I1: required | J1: unique | K1: options | L1: group | M1: notes
A2: =IF('Schema Template'!$A4="","","config") -> config | B2: =IF('Schema Template'!A4="","",'Schema Template'!A4) -> type | C2: =IF('Schema Template'!B4="","",'Schema Template'!B4) -> app-object | D2: ="" | E2: ="" | F2: ="" | G2: ="" | H2: ="" | I2: ="" | J2: ="" | K2: ="" | L2: ="" | M2: =IF('Schema Template'!C4="","",'Schema Template'!C4) -> Top-level metadata type
A3: =IF('Schema Template'!$A5="","","config") -> config | B3: =IF('Schema Template'!A5="","",'Schema Template'!A5) -> uid | C3: =IF('Schema Template'!B5="","",'Schema Template'!B5) -> betamax | D3: ="" | E3: ="" | F3: ="" | G3: ="" | H3: ="" | I3: ="" | J3: ="" | K3: ="" | L3: ="" | M3: =IF('Schema Template'!C5="","",'Schema Template'!C5) -> Stable App Object identifier
A4: =IF('Schema Template'!$A6="","","config") -> config | B4: =IF('Schema Template'!A6="","",'Schema Template'!A6) -> name | C4: =IF('Schema Template'!B6="","",'Schema Template'!B6) -> BETAMAX | D4: ="" | E4: ="" | F4: ="" | G4: ="" | H4: ="" | I4: ="" | J4: ="" | K4: ="" | L4: ="" | M4: =IF('Schema Template'!C6="","",'Schema Template'!C6) -> Internal object name
A5: =IF('Schema Template'!$A7="","","config") -> config | B5: =IF('Schema Template'!A7="","",'Schema Template'!A7) -> appPrefix | C5: =IF('Schema Template'!B7="","",'Schema Template'!B7) -> Betamax | D5: ="" | E5: ="" | F5: ="" | G5: ="" | H5: ="" | I5: ="" | J5: ="" | K5: ="" | L5: ="" | M5: =IF('Schema Template'!C7="","",'Schema Template'!C7) -> Appended to the Object name viewable in the UI. For example Betamax Video
A6: =IF('Schema Template'!$A8="","","config") -> config | B6: =IF('Schema Template'!A8="","",'Schema Template'!A8) -> singularForm | C6: =IF('Schema Template'!B8="","",'Schema Template'!B8) -> Video | D6: ="" | E6: ="" | F6: ="" | G6: ="" | H6: ="" | I6: ="" | J6: ="" | K6: ="" | L6: ="" | M6: =IF('Schema Template'!C8="","",'Schema Template'!C8) -> Singular label in HubSpot
A7: =IF('Schema Template'!$A9="","","config") -> config | B7: =IF('Schema Template'!A9="","",'Schema Template'!A9) -> pluralForm | C7: =IF('Schema Template'!B9="","",'Schema Template'!B9) -> Videos | D7: ="" | E7: ="" | F7: ="" | G7: ="" | H7: ="" | I7: ="" | J7: ="" | K7: ="" | L7: ="" | M7: =IF('Schema Template'!C9="","",'Schema Template'!C9) -> Plural label in HubSpot
A8: =IF('Schema Template'!$A10="","","config") -> config | B8: =IF('Schema Template'!A10="","",'Schema Template'!A10) -> description | C8: =IF('Schema Template'!B10="","",'Schema Template'!B10) -> A YouTube video drafted in HubSpot and synced with metrics | D8: ="" | E8: ="" | F8: ="" | G8: ="" | H8: ="" | I8: ="" | J8: ="" | K8: ="" | L8: ="" | M8: =IF('Schema Template'!C10="","",'Schema Template'!C10) -> Human-readable object description
A9: =IF('Schema Template'!$A11="","","config") -> config | B9: =IF('Schema Template'!A11="","",'Schema Template'!A11) -> primaryDisplayLabelPropertyName | C9: =IF('Schema Template'!B11="","",'Schema Template'!B11) -> title | D9: ="" | E9: ="" | F9: ="" | G9: ="" | H9: ="" | I9: ="" | J9: ="" | K9: ="" | L9: ="" | M9: =IF('Schema Template'!C11="","",'Schema Template'!C11) -> Primary record label
A10: =IF('Schema Template'!$A12="","","config") -> config | B10: =IF('Schema Template'!A12="","",'Schema Template'!A12) -> secondaryDisplayLabelPropertyNames | C10: =IF('Schema Template'!B12="","",'Schema Template'!B12) -> youtube_video_id, status | D10: ="" | E10: ="" | F10: ="" | G10: ="" | H10: ="" | I10: ="" | J10: ="" | K10: ="" | L10: ="" | M10: =IF('Schema Template'!C12="","",'Schema Template'!C12) -> Secondary labels shown on records
A11: =IF('Schema Template'!$A15="","","setting") -> setting | B11: =IF('Schema Template'!A15="","",'Schema Template'!A15) -> hasRecordPage | C11: =IF('Schema Template'!B15="","",'Schema Template'!B15) -> Yes | D11: ="" | E11: ="" | F11: ="" | G11: ="" | H11: ="" | I11: ="" | J11: ="" | K11: ="" | L11: ="" | M11: =IF('Schema Template'!C15="","",'Schema Template'!C15) -> Create a record page for this App Object
A12: =IF('Schema Template'!$A16="","","setting") -> setting | B12: =IF('Schema Template'!A16="","",'Schema Template'!A16) -> allowsUserCreatedRecords | C12: =IF('Schema Template'!B16="","",'Schema Template'!B16) -> Yes | D12: ="" | E12: ="" | F12: ="" | G12: ="" | H12: ="" | I12: ="" | J12: ="" | K12: ="" | L12: ="" | M12: =IF('Schema Template'!C16="","",'Schema Template'!C16) -> Allow users to create records manually
A13: =IF('Schema Template'!$A17="","","setting") -> setting | B13: =IF('Schema Template'!A17="","",'Schema Template'!A17) -> hasEngagements | C13: =IF('Schema Template'!B17="","",'Schema Template'!B17) -> Yes | D13: ="" | E13: ="" | F13: ="" | G13: ="" | H13: ="" | I13: ="" | J13: ="" | K13: ="" | L13: ="" | M13: =IF('Schema Template'!C17="","",'Schema Template'!C17) -> Allow engagements on records
A14: =IF('Schema Template'!$A20="","","property") -> property | B14: ="" | C14: ="" | D14: =IF('Schema Template'!A20="","",'Schema Template'!A20) -> title | E14: =IF('Schema Template'!B20="","",'Schema Template'!B20) -> Video Title | F14: =IF('Schema Template'!C20="","",'Schema Template'!C20) -> string | G14: =IF('Schema Template'!D20="","",'Schema Template'!D20) -> text | H14: =IF('Schema Template'!E20="","",'Schema Template'!E20) -> The title of the YouTube video | I14: =IF('Schema Template'!F20="","",'Schema Template'!F20) -> Yes | J14: =IF('Schema Template'!G20="","",'Schema Template'!G20) -> No | K14: =IF('Schema Template'!H20="","",'Schema Template'!H20) | L14: =IF('Schema Template'!I20="","",'Schema Template'!I20) -> Identity | M14: =""
A15: =IF('Schema Template'!$A21="","","property") -> property | B15: ="" | C15: ="" | D15: =IF('Schema Template'!A21="","",'Schema Template'!A21) -> youtube_video_id | E15: =IF('Schema Template'!B21="","",'Schema Template'!B21) -> YouTube Video ID | F15: =IF('Schema Template'!C21="","",'Schema Template'!C21) -> string | G15: =IF('Schema Template'!D21="","",'Schema Template'!D21) -> text | H15: =IF('Schema Template'!E21="","",'Schema Template'!E21) -> The unique YouTube video identifier | I15: =IF('Schema Template'!F21="","",'Schema Template'!F21) -> No | J15: =IF('Schema Template'!G21="","",'Schema Template'!G21) -> Yes | K15: =IF('Schema Template'!H21="","",'Schema Template'!H21) | L15: =IF('Schema Template'!I21="","",'Schema Template'!I21) -> Identity | M15: =""
A16: =IF('Schema Template'!$A22="","","property") -> property | B16: ="" | C16: ="" | D16: =IF('Schema Template'!A22="","",'Schema Template'!A22) -> status | E16: =IF('Schema Template'!B22="","",'Schema Template'!B22) -> Publishing Status | F16: =IF('Schema Template'!C22="","",'Schema Template'!C22) -> enumeration | G16: =IF('Schema Template'!D22="","",'Schema Template'!D22) -> select | H16: =IF('Schema Template'!E22="","",'Schema Template'!E22) -> Current state of the video | I16: =IF('Schema Template'!F22="","",'Schema Template'!F22) -> No | J16: =IF('Schema Template'!G22="","",'Schema Template'!G22) -> No | K16: =IF('Schema Template'!H22="","",'Schema Template'!H22) -> draft|uploading|private|unlisted|public|scheduled | L16: =IF('Schema Template'!I22="","",'Schema Template'!I22) -> Lifecycle | M16: =""
A17: =IF('Schema Template'!$A23="","","property") -> property | B17: ="" | C17: ="" | D17: =IF('Schema Template'!A23="","",'Schema Template'!A23) -> published_at | E17: =IF('Schema Template'!B23="","",'Schema Template'!B23) -> YouTube Published Date | F17: =IF('Schema Template'!C23="","",'Schema Template'!C23) -> datetime | G17: =IF('Schema Template'!D23="","",'Schema Template'!D23) -> date | H17: =IF('Schema Template'!E23="","",'Schema Template'!E23) -> When this video was first published on YouTube | I17: =IF('Schema Template'!F23="","",'Schema Template'!F23) -> No | J17: =IF('Schema Template'!G23="","",'Schema Template'!G23) -> No | K17: =IF('Schema Template'!H23="","",'Schema Template'!H23) | L17: =IF('Schema Template'!I23="","",'Schema Template'!I23) -> Lifecycle | M17: =""
A18: =IF('Schema Template'!$A24="","","property") -> property | B18: ="" | C18: ="" | D18: =IF('Schema Template'!A24="","",'Schema Template'!A24) -> view_count | E18: =IF('Schema Template'!B24="","",'Schema Template'!B24) -> View Count | F18: =IF('Schema Template'!C24="","",'Schema Template'!C24) -> number | G18: =IF('Schema Template'!D24="","",'Schema Template'!D24) -> number | H18: =IF('Schema Template'!E24="","",'Schema Template'!E24) -> Total number of views synced from YouTube | I18: =IF('Schema Template'!F24="","",'Schema Template'!F24) -> No | J18: =IF('Schema Template'!G24="","",'Schema Template'!G24) -> No | K18: =IF('Schema Template'!H24="","",'Schema Template'!H24) | L18: =IF('Schema Template'!I24="","",'Schema Template'!I24) -> Metrics | M18: =""
A19: =IF('Schema Template'!$A25="","","property") -> property | B19: ="" | C19: ="" | D19: =IF('Schema Template'!A25="","",'Schema Template'!A25) -> google_doc_url | E19: =IF('Schema Template'!B25="","",'Schema Template'!B25) -> Planning Doc URL | F19: =IF('Schema Template'!C25="","",'Schema Template'!C25) -> string | G19: =IF('Schema Template'!D25="","",'Schema Template'!D25) -> text | H19: =IF('Schema Template'!E25="","",'Schema Template'!E25) -> Link to the Google Doc containing planning, script, and direction | I19: =IF('Schema Template'!F25="","",'Schema Template'!F25) -> No | J19: =IF('Schema Template'!G25="","",'Schema Template'!G25) -> No | K19: =IF('Schema Template'!H25="","",'Schema Template'!H25) | L19: =IF('Schema Template'!I25="","",'Schema Template'!I25) -> Content Studio | M19: =""
A20: =IF('Schema Template'!$A26="","","property") | B20: ="" | C20: ="" | D20: =IF('Schema Template'!A26="","",'Schema Template'!A26) | E20: =IF('Schema Template'!B26="","",'Schema Template'!B26) | F20: =IF('Schema Template'!C26="","",'Schema Template'!C26) | G20: =IF('Schema Template'!D26="","",'Schema Template'!D26) | H20: =IF('Schema Template'!E26="","",'Schema Template'!E26) | I20: =IF('Schema Template'!F26="","",'Schema Template'!F26) | J20: =IF('Schema Template'!G26="","",'Schema Template'!G26) | K20: =IF('Schema Template'!H26="","",'Schema Template'!H26) | L20: =IF('Schema Template'!I26="","",'Schema Template'!I26) | M20: =""
A21: =IF('Schema Template'!$A27="","","property") | B21: ="" | C21: ="" | D21: =IF('Schema Template'!A27="","",'Schema Template'!A27) | E21: =IF('Schema Template'!B27="","",'Schema Template'!B27) | F21: =IF('Schema Template'!C27="","",'Schema Template'!C27) | G21: =IF('Schema Template'!D27="","",'Schema Template'!D27) | H21: =IF('Schema Template'!E27="","",'Schema Template'!E27) | I21: =IF('Schema Template'!F27="","",'Schema Template'!F27) | J21: =IF('Schema Template'!G27="","",'Schema Template'!G27) | K21: =IF('Schema Template'!H27="","",'Schema Template'!H27) | L21: =IF('Schema Template'!I27="","",'Schema Template'!I27) | M21: =""
A22: =IF('Schema Template'!$A28="","","property") | B22: ="" | C22: ="" | D22: =IF('Schema Template'!A28="","",'Schema Template'!A28) | E22: =IF('Schema Template'!B28="","",'Schema Template'!B28) | F22: =IF('Schema Template'!C28="","",'Schema Template'!C28) | G22: =IF('Schema Template'!D28="","",'Schema Template'!D28) | H22: =IF('Schema Template'!E28="","",'Schema Template'!E28) | I22: =IF('Schema Template'!F28="","",'Schema Template'!F28) | J22: =IF('Schema Template'!G28="","",'Schema Template'!G28) | K22: =IF('Schema Template'!H28="","",'Schema Template'!H28) | L22: =IF('Schema Template'!I28="","",'Schema Template'!I28) | M22: =""
A23: =IF('Schema Template'!$A29="","","property") | B23: ="" | C23: ="" | D23: =IF('Schema Template'!A29="","",'Schema Template'!A29) | E23: =IF('Schema Template'!B29="","",'Schema Template'!B29) | F23: =IF('Schema Template'!C29="","",'Schema Template'!C29) | G23: =IF('Schema Template'!D29="","",'Schema Template'!D29) | H23: =IF('Schema Template'!E29="","",'Schema Template'!E29) | I23: =IF('Schema Template'!F29="","",'Schema Template'!F29) | J23: =IF('Schema Template'!G29="","",'Schema Template'!G29) | K23: =IF('Schema Template'!H29="","",'Schema Template'!H29) | L23: =IF('Schema Template'!I29="","",'Schema Template'!I29) | M23: =""
A24: =IF('Schema Template'!$A30="","","property") | B24: ="" | C24: ="" | D24: =IF('Schema Template'!A30="","",'Schema Template'!A30) | E24: =IF('Schema Template'!B30="","",'Schema Template'!B30) | F24: =IF('Schema Template'!C30="","",'Schema Template'!C30) | G24: =IF('Schema Template'!D30="","",'Schema Template'!D30) | H24: =IF('Schema Template'!E30="","",'Schema Template'!E30) | I24: =IF('Schema Template'!F30="","",'Schema Template'!F30) | J24: =IF('Schema Template'!G30="","",'Schema Template'!G30) | K24: =IF('Schema Template'!H30="","",'Schema Template'!H30) | L24: =IF('Schema Template'!I30="","",'Schema Template'!I30) | M24: =""
A25: =IF('Schema Template'!$A31="","","property") | B25: ="" | C25: ="" | D25: =IF('Schema Template'!A31="","",'Schema Template'!A31) | E25: =IF('Schema Template'!B31="","",'Schema Template'!B31) | F25: =IF('Schema Template'!C31="","",'Schema Template'!C31) | G25: =IF('Schema Template'!D31="","",'Schema Template'!D31) | H25: =IF('Schema Template'!E31="","",'Schema Template'!E31) | I25: =IF('Schema Template'!F31="","",'Schema Template'!F31) | J25: =IF('Schema Template'!G31="","",'Schema Template'!G31) | K25: =IF('Schema Template'!H31="","",'Schema Template'!H31) | L25: =IF('Schema Template'!I31="","",'Schema Template'!I31) | M25: =""
... A74: =IF('Schema Template'!$A80="","","property") | B74: ="" | C74: ="" | D74: =IF('Schema Template'!A80="","",'Schema Template'!A80) | E74: =IF('Schema Template'!B80="","",'Schema Template'!B80) | F74: =IF('Schema Template'!C80="","",'Schema Template'!C80) | G74: =IF('Schema Template'!D80="","",'Schema Template'!D80) | H74: =IF('Schema Template'!E80="","",'Schema Template'!E80) | I74: =IF('Schema Template'!F80="","",'Schema Template'!F80) | J74: =IF('Schema Template'!G80="","",'Schema Template'!G80) | K74: =IF('Schema Template'!H80="","",'Schema Template'!H80) | L74: =IF('Schema Template'!I80="","",'Schema Template'!I80) | M74: =""

Sheet AI Agent Prompt
A1: AI Agent Handoff Prompt
A3: Copy this prompt, attach or paste the CSV exported from the Schema Export sheet, and replace bracketed placeholders.
A5: You are helping create a HubSpot App Object schema hsmeta JSON file from a CSV export. Before generating or editing code in the HubSpot repo, make sure the HubSpot Developer MCP server is added and available. Use its HubSpot documentation and source-code discovery tools before making source-code changes. If the MCP server is not available, tell me before proceeding. Input: - I will provide a CSV exported from the "Schema Export" sheet of the Creator Console schema workbook. - The CSV has rows with section values of "config", "setting", and "property". Goal: - Generate the HubSpot App Object hsmeta JSON file for [OBJECT_UID]. - The target file should be src/app/app-objects/[OBJECT_UID]-hsmeta.json. Build rules: - Use config rows for the top-level "type" value and the "config" object values. - Preserve appPrefix exactly as provided in the CSV. Do not invent a prefix. - Split secondaryDisplayLabelPropertyNames on commas and trim each value. - Convert setting values "Yes" and "No" to booleans. - Create one property object per non-empty property row. - For each property, include name, label, type, fieldType, and description. - If unique is "Yes", add "hasUniqueValue": true. Omit hasUniqueValue when unique is "No" or blank. - If options is present, split on "|". If an option is formatted as "Label:value", use the left side as label and the right side as value. Otherwise use the option as value and generate a readable title-case label. - Build defaultCreateFormFields from properties where required is "Yes", using { "propertyName": "...", "isRequired": true, "isRemovable": false }. - Omit blank/null fields from the final JSON. - Preserve the ordering from the CSV. - Return valid pretty-printed JSON and briefly call out any assumptions or missing fields. After generating the file: - Validate that the JSON parses. - If you can access HubSpot project tooling, validate the project before upload. - Do not upload the App Object schema unless approval is already granted.
